{
  "id": "11:13",
  "name": " 1",
  "type": "RECTANGLE",
  "x": 158,
  "y": 320,
  "width": 804,
  "height": 452,
  "visible": true,
  "locked": false,
  "rotation": 0,
  "scaleX": null,
  "scaleY": null,
  "constraints": {
    "horizontal": "MIN",
    "vertical": "MIN"
  },
  "layoutAlign": "INHERIT",
  "layoutGrow": 0,
  "cornerRadius": 0,
  "fills": [
    {
      "type": "IMAGE",
      "visible": true,
      "opacity": 1,
      "color": null,
      "gradientStops": null,
      "gradientTransform": null
    }
  ],
  "strokes": [],
  "effects": [],
  "blendMode": "PASS_THROUGH",
  "opacity": 1,
  "absoluteTransform": [
    [
      1,
      0,
      158
    ],
    [
      0,
      1,
      320
    ]
  ],
  "relativeTransform": [
    [
      1,
      0,
      158
    ],
    [
      0,
      1,
      320
    ]
  ],
  "clipsContent": null,
  "layoutMode": null,
  "paddingLeft": null,
  "paddingRight": null,
  "paddingTop": null,
  "paddingBottom": null,
  "itemSpacing": null,
  "primaryAxisAlignItems": null,
  "counterAxisAlignItems": null,
  "layoutSizingHorizontal": "FIXED",
  "layoutSizingVertical": "FIXED",
  "layoutAlignHorizontal": null,
  "layoutAlignVertical": null,
  "layoutGrowHorizontal": null,
  "layoutGrowVertical": null,
  "hasImageFill": true,
  "imageFillCount": 1,
  "imageFills": [
    {
      "type": "IMAGE",
      "visible": true,
      "opacity": 1
    }
  ],
  "folderType": "img",
  "fileExtension": "png",
  "imagePath": "img/ 1.png",
  "hasImageFile": true,
  "imageFileName": " 1.png",
  "imageFileSize": 522014,
  "parentName": "Page 1"
}