{
  "id": "10:9",
  "name": "Frame 4",
  "type": "FRAME",
  "x": 744,
  "y": 0,
  "width": 195,
  "height": 193,
  "visible": true,
  "locked": false,
  "rotation": 0,
  "scaleX": null,
  "scaleY": null,
  "constraints": {
    "horizontal": "MIN",
    "vertical": "MIN"
  },
  "layoutAlign": "INHERIT",
  "layoutGrow": 0,
  "cornerRadius": 0,
  "fills": [
    {
      "type": "SOLID",
      "visible": true,
      "opacity": 1,
      "color": {
        "r": 1,
        "g": 1,
        "b": 1
      },
      "gradientStops": null,
      "gradientTransform": null
    }
  ],
  "strokes": [],
  "effects": [],
  "blendMode": "PASS_THROUGH",
  "opacity": 1,
  "absoluteTransform": [
    [
      1,
      0,
      744
    ],
    [
      0,
      1,
      0
    ]
  ],
  "relativeTransform": [
    [
      1,
      0,
      744
    ],
    [
      0,
      1,
      0
    ]
  ],
  "clipsContent": true,
  "layoutMode": "NONE",
  "paddingLeft": 0,
  "paddingRight": 0,
  "paddingTop": 0,
  "paddingBottom": 0,
  "itemSpacing": 0,
  "primaryAxisAlignItems": "MIN",
  "counterAxisAlignItems": "MIN",
  "layoutSizingHorizontal": "FIXED",
  "layoutSizingVertical": "FIXED",
  "layoutAlignHorizontal": null,
  "layoutAlignVertical": null,
  "layoutGrowHorizontal": null,
  "layoutGrowVertical": null,
  "frameStructure": {
    "id": "10:9",
    "name": "Frame 4",
    "children": [
      {
        "id": "10:10",
        "name": "This is test",
        "type": "TEXT",
        "index": 0,
        "x": -661,
        "y": 99
      }
    ]
  },
  "hasImage": false,
  "imageNodeCount": 0,
  "imageNodes": [],
  "folderType": null,
  "fileExtension": null,
  "hasImageFile": false,
  "parentName": "Page 1",
  "children": [
    {
      "id": "10:10",
      "name": "This is test",
      "type": "TEXT"
    }
  ]
}