{
  "id": "9:2",
  "name": "Frame 1",
  "type": "FRAME",
  "x": 0,
  "y": 0,
  "width": 195,
  "height": 193,
  "visible": true,
  "locked": false,
  "rotation": 0,
  "scaleX": null,
  "scaleY": null,
  "constraints": {
    "horizontal": "MIN",
    "vertical": "MIN"
  },
  "layoutAlign": "INHERIT",
  "layoutGrow": 0,
  "cornerRadius": 0,
  "fills": [
    {
      "type": "SOLID",
      "visible": true,
      "opacity": 1,
      "color": {
        "r": 1,
        "g": 1,
        "b": 1
      },
      "gradientStops": null,
      "gradientTransform": null
    }
  ],
  "strokes": [],
  "effects": [],
  "blendMode": "PASS_THROUGH",
  "opacity": 1,
  "absoluteTransform": [
    [
      1,
      0,
      0
    ],
    [
      0,
      1,
      0
    ]
  ],
  "relativeTransform": [
    [
      1,
      0,
      0
    ],
    [
      0,
      1,
      0
    ]
  ],
  "clipsContent": true,
  "layoutMode": "NONE",
  "paddingLeft": 0,
  "paddingRight": 0,
  "paddingTop": 0,
  "paddingBottom": 0,
  "itemSpacing": 0,
  "primaryAxisAlignItems": "MIN",
  "counterAxisAlignItems": "MIN",
  "layoutSizingHorizontal": "FIXED",
  "layoutSizingVertical": "FIXED",
  "layoutAlignHorizontal": null,
  "layoutAlignVertical": null,
  "layoutGrowHorizontal": null,
  "layoutGrowVertical": null,
  "frameStructure": {
    "id": "9:2",
    "name": "Frame 1",
    "children": [
      {
        "id": "10:5",
        "name": "Group",
        "type": "GROUP",
        "index": 0,
        "x": 42,
        "y": 41
      }
    ]
  },
  "hasImage": true,
  "imageNodeCount": 1,
  "imageNodes": [
    {
      "id": "10:4",
      "name": "Rectangle",
      "type": "RECTANGLE",
      "imagePath": "img/Rectangle.png",
      "hasImageFile": true,
      "imageFileName": "Rectangle.png"
    }
  ],
  "folderType": null,
  "fileExtension": null,
  "hasImageFile": false,
  "parentName": "Page 1",
  "children": [
    {
      "id": "10:5",
      "name": "Group",
      "type": "GROUP"
    }
  ]
}