{
  "version": "1.0.0",
  "nodes": [
    {
      "id": "10:9",
      "name": "Frame 4",
      "type": "FRAME",
      "x": 744,
      "y": 0,
      "width": 195,
      "height": 193,
      "properties": {
        "backgrounds": [
          {
            "type": "SOLID",
            "visible": true,
            "opacity": 1,
            "blendMode": "NORMAL",
            "color": {
              "r": 1,
              "g": 1,
              "b": 1
            },
            "boundVariables": {}
          }
        ],
        "layoutMode": "NONE",
        "paddingLeft": 0,
        "paddingRight": 0,
        "paddingTop": 0,
        "paddingBottom": 0,
        "itemSpacing": 0
      },
      "children": [
        {
          "id": "34:961",
          "name": "This is test",
          "type": "TEXT",
          "x": 83,
          "y": 162,
          "width": 59,
          "height": 14,
          "properties": {
            "characters": "This is test",
            "styledSegments": [
              {
                "characters": "This",
                "start": 0,
                "end": 4,
                "fontName": {
                  "family": "Noto Sans JP",
                  "style": "Thin"
                },
                "fontSize": 12,
                "fills": [
                  {
                    "type": "SOLID",
                    "visible": true,
                    "opacity": 1,
                    "blendMode": "NORMAL",
                    "color": {
                      "r": 0,
                      "g": 0,
                      "b": 0
                    },
                    "boundVariables": {}
                  }
                ],
                "letterSpacing": {
                  "unit": "PERCENT",
                  "value": 0
                },
                "lineHeight": {
                  "unit": "AUTO"
                }
              },
              {
                "characters": " is ",
                "start": 4,
                "end": 8,
                "fontName": {
                  "family": "Noto Sans JP",
                  "style": "Medium"
                },
                "fontSize": 12,
                "fills": [
                  {
                    "type": "SOLID",
                    "visible": true,
                    "opacity": 1,
                    "blendMode": "NORMAL",
                    "color": {
                      "r": 0,
                      "g": 0,
                      "b": 0
                    },
                    "boundVariables": {}
                  }
                ],
                "letterSpacing": {
                  "unit": "PERCENT",
                  "value": 0
                },
                "lineHeight": {
                  "unit": "AUTO"
                }
              },
              {
                "characters": "test",
                "start": 8,
                "end": 12,
                "fontName": {
                  "family": "Noto Sans JP",
                  "style": "Medium"
                },
                "fontSize": 12,
                "fills": [
                  {
                    "type": "SOLID",
                    "visible": true,
                    "opacity": 1,
                    "blendMode": "NORMAL",
                    "color": {
                      "r": 1,
                      "g": 0.05288461595773697,
                      "b": 0.05288461595773697
                    },
                    "boundVariables": {}
                  }
                ],
                "letterSpacing": {
                  "unit": "PERCENT",
                  "value": 0
                },
                "lineHeight": {
                  "unit": "AUTO"
                }
              }
            ]
          }
        },
        {
          "id": "67:17",
          "name": "Rectangle 1",
          "type": "RECTANGLE",
          "x": 132,
          "y": 50,
          "width": 24,
          "height": 22,
          "properties": {
            "fills": [
              {
                "type": "SOLID",
                "visible": true,
                "opacity": 1,
                "blendMode": "NORMAL",
                "color": {
                  "r": 0.8509804010391235,
                  "g": 0.8509804010391235,
                  "b": 0.8509804010391235
                },
                "boundVariables": {}
              }
            ],
            "strokes": [],
            "strokeWeight": 1,
            "cornerRadius": 0
          }
        },
        {
          "id": "67:18",
          "name": "Line 1",
          "type": "LINE",
          "x": 30,
          "y": 33,
          "width": 45.17742919921875,
          "height": 0,
          "properties": {
            "fills": [],
            "strokes": [
              {
                "type": "SOLID",
                "visible": true,
                "opacity": 1,
                "blendMode": "NORMAL",
                "color": {
                  "r": 0,
                  "g": 0,
                  "b": 0
                },
                "boundVariables": {}
              }
            ],
            "strokeWeight": 1
          }
        },
        {
          "id": "67:19",
          "name": "Ellipse 1",
          "type": "ELLIPSE",
          "x": 107,
          "y": 122,
          "width": 31,
          "height": 31,
          "properties": {
            "fills": [
              {
                "type": "SOLID",
                "visible": true,
                "opacity": 1,
                "blendMode": "NORMAL",
                "color": {
                  "r": 0.05480766296386719,
                  "g": 0.03994634747505188,
                  "b": 0.03994634747505188
                },
                "boundVariables": {}
              }
            ],
            "strokes": [],
            "strokeWeight": 1,
            "cornerRadius": 0
          }
        },
        {
          "id": "67:20",
          "name": "Polygon 1",
          "type": "POLYGON",
          "x": 34,
          "y": 43,
          "width": 54,
          "height": 54,
          "properties": {
            "fills": [
              {
                "type": "SOLID",
                "visible": true,
                "opacity": 1,
                "blendMode": "NORMAL",
                "color": {
                  "r": 0.8509804010391235,
                  "g": 0.8509804010391235,
                  "b": 0.8509804010391235
                },
                "boundVariables": {}
              }
            ],
            "strokes": [],
            "strokeWeight": 1,
            "cornerRadius": 0
          }
        },
        {
          "id": "67:21",
          "name": "Star 1",
          "type": "STAR",
          "x": 18,
          "y": 138,
          "width": 43,
          "height": 43,
          "properties": {
            "fills": [
              {
                "type": "SOLID",
                "visible": true,
                "opacity": 1,
                "blendMode": "NORMAL",
                "color": {
                  "r": 0.8509804010391235,
                  "g": 0.8509804010391235,
                  "b": 0.8509804010391235
                },
                "boundVariables": {}
              }
            ],
            "strokes": [],
            "strokeWeight": 1,
            "cornerRadius": 0
          }
        },
        {
          "id": "67:22",
          "name": "This is test",
          "type": "TEXT",
          "x": 83,
          "y": 99,
          "width": 59,
          "height": 14,
          "properties": {
            "characters": "This is test",
            "fontSize": 12,
            "fontName": {
              "family": "Noto Sans JP",
              "style": "Regular"
            },
            "fills": [
              {
                "type": "SOLID",
                "visible": true,
                "opacity": 1,
                "blendMode": "NORMAL",
                "color": {
                  "r": 0,
                  "g": 0,
                  "b": 0
                },
                "boundVariables": {}
              }
            ],
            "strokes": [],
            "strokeWeight": 1,
            "textAlignHorizontal": "LEFT",
            "textAlignVertical": "TOP",
            "lineHeight": {
              "unit": "AUTO"
            },
            "letterSpacing": {
              "unit": "PERCENT",
              "value": 0
            }
          }
        }
      ]
    }
  ],
  "images": {}
}