{
  "version": "1.0.0",
  "nodes": [
    {
      "id": "19:157",
      "name": "Frame 6",
      "type": "FRAME",
      "x": 1227,
      "y": 0,
      "width": 195,
      "height": 193,
      "children": [
        {
          "id": "19:169",
          "name": "Group 1",
          "type": "GROUP",
          "x": 20,
          "y": 153,
          "width": 62,
          "height": 31,
          "children": [
            {
              "id": "19:165",
              "name": "Ellipse 3",
              "type": "ELLIPSE",
              "x": 31,
              "y": 0,
              "width": 31,
              "height": 31,
              "properties": {
                "fills": [
                  {
                    "type": "SOLID",
                    "visible": true,
                    "opacity": 1,
                    "blendMode": "NORMAL",
                    "color": {
                      "r": 0.05480766296386719,
                      "g": 0.03994634747505188,
                      "b": 0.03994634747505188
                    },
                    "boundVariables": {}
                  }
                ],
                "strokes": [],
                "strokeWeight": 1,
                "cornerRadius": 0
              }
            },
            {
              "id": "19:167",
              "name": "Ellipse 4",
              "type": "ELLIPSE",
              "x": 0,
              "y": 0,
              "width": 31,
              "height": 31,
              "properties": {
                "fills": [
                  {
                    "type": "SOLID",
                    "visible": true,
                    "opacity": 1,
                    "blendMode": "NORMAL",
                    "color": {
                      "r": 0.05480766296386719,
                      "g": 0.03994634747505188,
                      "b": 0.03994634747505188
                    },
                    "boundVariables": {}
                  }
                ],
                "strokes": [],
                "strokeWeight": 1,
                "cornerRadius": 0
              }
            }
          ],
          "properties": {}
        },
        {
          "id": "55:1704",
          "name": "Rectangle 1",
          "type": "RECTANGLE",
          "x": 20,
          "y": 46,
          "width": 24,
          "height": 22,
          "properties": {
            "fills": [
              {
                "type": "SOLID",
                "visible": true,
                "opacity": 1,
                "blendMode": "NORMAL",
                "color": {
                  "r": 0.8509804010391235,
                  "g": 0.8509804010391235,
                  "b": 0.8509804010391235
                },
                "boundVariables": {}
              }
            ],
            "strokes": [],
            "strokeWeight": 1,
            "cornerRadius": 0
          }
        },
        {
          "id": "55:1706",
          "name": "This is test",
          "type": "TEXT",
          "x": 83,
          "y": 133,
          "width": 61,
          "height": 14,
          "properties": {
            "characters": "This is test",
            "fontSize": 12,
            "fontName": {
              "family": "Noto Sans JP",
              "style": "Medium"
            },
            "fills": [
              {
                "type": "SOLID",
                "visible": true,
                "opacity": 1,
                "blendMode": "NORMAL",
                "color": {
                  "r": 0,
                  "g": 0,
                  "b": 0
                },
                "boundVariables": {}
              }
            ],
            "strokes": [],
            "strokeWeight": 1,
            "textAlignHorizontal": "LEFT",
            "textAlignVertical": "TOP",
            "lineHeight": {
              "unit": "AUTO"
            },
            "letterSpacing": {
              "unit": "PERCENT",
              "value": 0
            }
          }
        },
        {
          "id": "83:5",
          "name": "Group 2",
          "type": "GROUP",
          "x": 48,
          "y": 44,
          "width": 111,
          "height": 98,
          "maskGroup": true,
          "children": [
            {
              "id": "83:6",
              "name": "Rectangle 2",
              "type": "RECTANGLE",
              "x": 0,
              "y": 0,
              "width": 111,
              "height": 98,
              "properties": {
                "fills": [
                  {
                    "type": "SOLID",
                    "visible": true,
                    "opacity": 1,
                    "blendMode": "NORMAL",
                    "color": {
                      "r": 0.8509804010391235,
                      "g": 0.8509804010391235,
                      "b": 0.8509804010391235
                    },
                    "boundVariables": {}
                  }
                ],
                "strokes": [],
                "strokeWeight": 1,
                "cornerRadius": 0
              },
              "isMask": true
            },
            {
              "id": "83:7",
              "name": "Ellipse 5",
              "type": "ELLIPSE",
              "x": 23,
              "y": 38,
              "width": 52,
              "height": 53,
              "properties": {
                "fills": [
                  {
                    "type": "SOLID",
                    "visible": true,
                    "opacity": 1,
                    "blendMode": "NORMAL",
                    "color": {
                      "r": 0.870192289352417,
                      "g": 0.037652552127838135,
                      "b": 0.037652552127838135
                    },
                    "boundVariables": {}
                  }
                ],
                "strokes": [],
                "strokeWeight": 1,
                "cornerRadius": 0
              }
            }
          ],
          "properties": {}
        }
      ],
      "properties": {
        "backgrounds": [
          {
            "type": "SOLID",
            "visible": true,
            "opacity": 1,
            "blendMode": "NORMAL",
            "color": {
              "r": 1,
              "g": 1,
              "b": 1
            },
            "boundVariables": {}
          }
        ],
        "layoutMode": "NONE",
        "paddingLeft": 0,
        "paddingRight": 0,
        "paddingTop": 0,
        "paddingBottom": 0,
        "itemSpacing": 0
      }
    }
  ],
  "images": {}
}